PID,in_primary_34,n_lgr5_tumor,n_lgr5_normal,r_normal_subset,r_tumor_subset,z_normal_subset,z_tumor_subset,delta_z_subset,informative,exclusion_reason,r_normal_full,r_tumor_full,delta_z_full
C122,True,209,19,-0.51644338255434,0.13956434160678177,-0.5714772924717867,0.14048123567820178,0.7119585281499885,True,,-0.435165479031125,0.03479821769664113,0.50106359028442
C124,True,22,19,-0.09712793237312545,-0.006037042612941218,-0.0974351025698932,-0.006037115956329003,0.0913979866135642,True,,-0.46250699931693506,0.15129171649698084,0.6529579613040976
C125,True,177,27,-0.5052611869973814,-0.2206400682163922,-0.5563458677454127,-0.22432883184908947,0.33201703589632325,True,,-0.3466454865024645,-0.1237066973060004,0.23728243852418457
C126,True,29,55,-0.5733798251572156,-0.29292631320138,-0.6525436211333869,-0.3017642515282774,0.3507793696051095,True,,-0.42522254943399856,-0.22554350450529226,0.22456105881542912
C139,True,70,16,-0.31372586483048026,0.15922706697286843,-0.3246726944834867,0.16059355665880695,0.4852662511422936,True,,-0.568507149457651,-0.17539274292539142,0.4680891225793361
C143,True,83,17,-0.13029350523876435,-0.20645803555484374,-0.1310384123718088,-0.20946883933718188,-0.07843042696537308,True,,-0.4185285785523459,-0.16859996119527693,0.2756814765800667
