{
  "n": 34,
  "mean_delta_z": 0.40062918886162374,
  "median_delta_z": 0.422796833320229,
  "wilcoxon_stat": 1.0,
  "wilcoxon_p": 2.3283064365386963e-10,
  "bootstrap_ci": [
    0.33636061890662333,
    0.4636668095077914
  ],
  "loo_min": 0.38755197027775706,
  "loo_max": 0.41507997434027594,
  "loo_all_positive": true,
  "prop_positive": 0.9705882352941176,
  "mean_r_normal": -0.4369523469587243,
  "mean_r_tumor": -0.07262786035941837
}