variant,mean_delta_z,retention_ratio
baseline,0.3866881092664827,1.0
isc_loo_LGR5,0.3868117200117056,1.000319665234748
isc_loo_OLFM4,0.19404311853203485,0.5018078236233319
hmgcs2_removed,0.38937401687853357,1.0069459276033748
fabp1_removed,0.1664079876831107,0.4303416207929789
angptl4_removed,0.3921596015883221,1.0141496265096395
core_beta_oxidation_5,0.13529595628067106,0.3498839323953275
