method,r_normal,r_tumor,r_diff
scanpy,-0.3808090359253497,-0.018208935463318407,0.3626001004620313
clean_bg,-0.3821787511533457,-0.0327309691785419,0.3494477819748038
aucell,-0.1398221893758954,-0.003232903991546143,0.13658928538434928
zscore,-0.018216930603462838,0.1562480718146122,0.17446500241807503
